XsdFilePosition,Name,Type,SubstitutionGroup,IsAbstract,INullable
1.1\gfc.xsd(65),FC_FeatureAssociation,gfc:FC_FeatureAssociation_Type,gfc:FC_FeatureType,FALSE,FALSE
1.1\gfc.xsd(93),FC_FeatureCatalogue,gfc:FC_FeatureCatalogue_Type,gmx:AbstractCT_Catalogue,FALSE,FALSE
1.1\gfc.xsd(119),FC_FeatureAttribute,gfc:FC_FeatureAttribute_Type,gfc:AbstractFC_PropertyType,FALSE,FALSE
1.1\gfc.xsd(146),FC_AssociationRole,gfc:FC_AssociationRole_Type,gfc:AbstractFC_PropertyType,FALSE,FALSE
1.1\gfc.xsd(237),FC_FeatureOperation,gfc:FC_FeatureOperation_Type,gfc:AbstractFC_PropertyType,FALSE,FALSE
1.1\gfc.xsd(266),AbstractFC_PropertyType,gfc:AbstractFC_PropertyType_Type,gfc:AbstractFC_CarrierOfCharacteristics,TRUE,FALSE
1.1\gfc.xsd(313),FC_Binding,gfc:FC_Binding_Type,gfc:AbstractFC_CarrierOfCharacteristics,FALSE,FALSE
1.1\gfc.xsd(410),FC_BoundFeatureAttribute,gfc:FC_BoundFeatureAttribute_Type,gfc:FC_Binding,FALSE,FALSE
1.1\gfc.xsd(457),FC_BoundAssociationRole,gfc:FC_BoundAssociationRole_Type,gfc:FC_Binding,FALSE,FALSE
1.1\gfc.xsd(468),FC_RoleType,gco:CodeListValue_Type,gco:CharacterString,FALSE,FALSE
gco\basicTypes.xsd(129),Length,gml:LengthType,gco:Measure,FALSE,FALSE
gco\basicTypes.xsd(139),Angle,gml:AngleType,gco:Measure,FALSE,FALSE
gco\basicTypes.xsd(149),Scale,gml:ScaleType,gco:Measure,FALSE,FALSE
gco\basicTypes.xsd(159),Distance,gml:LengthType,gco:Length,FALSE,FALSE
gco\basicTypes.xsd(199),LocalName,gml:CodeType,gco:AbstractGenericName,FALSE,FALSE
gco\basicTypes.xsd(209),ScopedName,gml:CodeType,gco:AbstractGenericName,FALSE,FALSE
gfc\gfc.xsd(65),FC_FeatureAssociation,gfc:FC_FeatureAssociation_Type,gfc:FC_FeatureType,FALSE,FALSE
gfc\gfc.xsd(93),FC_FeatureCatalogue,gfc:FC_FeatureCatalogue_Type,gmx:AbstractCT_Catalogue,FALSE,FALSE
gfc\gfc.xsd(119),FC_FeatureAttribute,gfc:FC_FeatureAttribute_Type,gfc:AbstractFC_PropertyType,FALSE,FALSE
gfc\gfc.xsd(146),FC_AssociationRole,gfc:FC_AssociationRole_Type,gfc:AbstractFC_PropertyType,FALSE,FALSE
gfc\gfc.xsd(233),FC_FeatureOperation,gfc:FC_FeatureOperation_Type,gfc:AbstractFC_PropertyType,FALSE,FALSE
gfc\gfc.xsd(260),AbstractFC_PropertyType,gfc:AbstractFC_PropertyType_Type,gfc:AbstractFC_CarrierOfCharacteristics,TRUE,FALSE
gfc\gfc.xsd(307),FC_Binding,gfc:FC_Binding_Type,gfc:AbstractFC_CarrierOfCharacteristics,FALSE,FALSE
gfc\gfc.xsd(377),FC_BoundFeatureAttribute,gfc:FC_BoundFeatureAttribute_Type,gfc:FC_Binding,FALSE,FALSE
gfc\gfc.xsd(424),FC_BoundAssociationRole,gfc:FC_BoundAssociationRole_Type,gfc:FC_Binding,FALSE,FALSE
gfc\gfc.xsd(435),FC_RoleType,gco:CodeListValue_Type,gco:CharacterString,FALSE,FALSE
gmd\citation.xsd(242),CI_RoleCode,gco:CodeListValue_Type,gco:CharacterString,FALSE,FALSE
gmd\citation.xsd(252),CI_PresentationFormCode,gco:CodeListValue_Type,gco:CharacterString,FALSE,FALSE
gmd\citation.xsd(262),CI_OnLineFunctionCode,gco:CodeListValue_Type,gco:CharacterString,FALSE,FALSE
gmd\citation.xsd(272),CI_DateTypeCode,gco:CodeListValue_Type,gco:CharacterString,FALSE,FALSE
gmd\constraints.xsd(56),MD_LegalConstraints,gmd:MD_LegalConstraints_Type,gmd:MD_Constraints,FALSE,FALSE
gmd\constraints.xsd(82),MD_SecurityConstraints,gmd:MD_SecurityConstraints_Type,gmd:MD_Constraints,FALSE,FALSE
gmd\constraints.xsd(93),MD_ClassificationCode,gco:CodeListValue_Type,gco:CharacterString,FALSE,FALSE
gmd\constraints.xsd(103),MD_RestrictionCode,gco:CodeListValue_Type,gco:CharacterString,FALSE,FALSE
gmd\content.xsd(36),MD_FeatureCatalogueDescription,gmd:MD_FeatureCatalogueDescription_Type,gmd:AbstractMD_ContentInformation,FALSE,FALSE
gmd\content.xsd(61),MD_CoverageDescription,gmd:MD_CoverageDescription_Type,gmd:AbstractMD_ContentInformation,FALSE,FALSE
gmd\content.xsd(95),MD_ImageDescription,gmd:MD_ImageDescription_Type,gmd:MD_CoverageDescription,FALSE,FALSE
gmd\content.xsd(164),MD_Band,gmd:MD_Band_Type,gmd:MD_RangeDimension,FALSE,FALSE
gmd\content.xsd(175),MD_CoverageContentTypeCode,gco:CodeListValue_Type,gco:CharacterString,FALSE,FALSE
gmd\content.xsd(185),MD_ImagingConditionCode,gco:CodeListValue_Type,gco:CharacterString,FALSE,FALSE
gmd\dataQuality.xsd(105),DQ_ConformanceResult,gmd:DQ_ConformanceResult_Type,gmd:AbstractDQ_Result,FALSE,FALSE
gmd\dataQuality.xsd(131),DQ_QuantitativeResult,gmd:DQ_QuantitativeResult_Type,gmd:AbstractDQ_Result,FALSE,FALSE
gmd\dataQuality.xsd(165),DQ_TemporalValidity,gmd:DQ_TemporalValidity_Type,gmd:AbstractDQ_TemporalAccuracy,FALSE,FALSE
gmd\dataQuality.xsd(181),DQ_TemporalConsistency,gmd:DQ_TemporalConsistency_Type,gmd:AbstractDQ_TemporalAccuracy,FALSE,FALSE
gmd\dataQuality.xsd(197),DQ_AccuracyOfATimeMeasurement,gmd:DQ_AccuracyOfATimeMeasurement_Type,gmd:AbstractDQ_TemporalAccuracy,FALSE,FALSE
gmd\dataQuality.xsd(213),DQ_QuantitativeAttributeAccuracy,gmd:DQ_QuantitativeAttributeAccuracy_Type,gmd:AbstractDQ_ThematicAccuracy,FALSE,FALSE
gmd\dataQuality.xsd(229),DQ_NonQuantitativeAttributeAccuracy,gmd:DQ_NonQuantitativeAttributeAccuracy_Type,gmd:AbstractDQ_ThematicAccuracy,FALSE,FALSE
gmd\dataQuality.xsd(245),DQ_ThematicClassificationCorrectness,gmd:DQ_ThematicClassificationCorrectness_Type,gmd:AbstractDQ_ThematicAccuracy,FALSE,FALSE
gmd\dataQuality.xsd(261),DQ_RelativeInternalPositionalAccuracy,gmd:DQ_RelativeInternalPositionalAccuracy_Type,gmd:AbstractDQ_PositionalAccuracy,FALSE,FALSE
gmd\dataQuality.xsd(277),DQ_GriddedDataPositionalAccuracy,gmd:DQ_GriddedDataPositionalAccuracy_Type,gmd:AbstractDQ_PositionalAccuracy,FALSE,FALSE
gmd\dataQuality.xsd(293),DQ_AbsoluteExternalPositionalAccuracy,gmd:DQ_AbsoluteExternalPositionalAccuracy_Type,gmd:AbstractDQ_PositionalAccuracy,FALSE,FALSE
gmd\dataQuality.xsd(309),DQ_TopologicalConsistency,gmd:DQ_TopologicalConsistency_Type,gmd:AbstractDQ_LogicalConsistency,FALSE,FALSE
gmd\dataQuality.xsd(325),DQ_FormatConsistency,gmd:DQ_FormatConsistency_Type,gmd:AbstractDQ_LogicalConsistency,FALSE,FALSE
gmd\dataQuality.xsd(341),DQ_DomainConsistency,gmd:DQ_DomainConsistency_Type,gmd:AbstractDQ_LogicalConsistency,FALSE,FALSE
gmd\dataQuality.xsd(357),DQ_ConceptualConsistency,gmd:DQ_ConceptualConsistency_Type,gmd:AbstractDQ_LogicalConsistency,FALSE,FALSE
gmd\dataQuality.xsd(373),DQ_CompletenessOmission,gmd:DQ_CompletenessOmission_Type,gmd:AbstractDQ_Completeness,FALSE,FALSE
gmd\dataQuality.xsd(389),DQ_CompletenessCommission,gmd:DQ_CompletenessCommission_Type,gmd:AbstractDQ_Completeness,FALSE,FALSE
gmd\dataQuality.xsd(405),AbstractDQ_TemporalAccuracy,gmd:AbstractDQ_TemporalAccuracy_Type,gmd:AbstractDQ_Element,TRUE,FALSE
gmd\dataQuality.xsd(421),AbstractDQ_ThematicAccuracy,gmd:AbstractDQ_ThematicAccuracy_Type,gmd:AbstractDQ_Element,TRUE,FALSE
gmd\dataQuality.xsd(437),AbstractDQ_PositionalAccuracy,gmd:AbstractDQ_PositionalAccuracy_Type,gmd:AbstractDQ_Element,TRUE,FALSE
gmd\dataQuality.xsd(453),AbstractDQ_LogicalConsistency,gmd:AbstractDQ_LogicalConsistency_Type,gmd:AbstractDQ_Element,TRUE,FALSE
gmd\dataQuality.xsd(469),AbstractDQ_Completeness,gmd:AbstractDQ_Completeness_Type,gmd:AbstractDQ_Element,TRUE,FALSE
gmd\dataQuality.xsd(551),DQ_EvaluationMethodTypeCode,gco:CodeListValue_Type,gco:CharacterString,FALSE,FALSE
gmd\distribution.xsd(179),MD_DistributionUnits,gco:CodeListValue_Type,gco:CharacterString,FALSE,FALSE
gmd\distribution.xsd(189),MD_MediumFormatCode,gco:CodeListValue_Type,gco:CharacterString,FALSE,FALSE
gmd\distribution.xsd(199),MD_MediumNameCode,gco:CodeListValue_Type,gco:CharacterString,FALSE,FALSE
gmd\extent.xsd(86),EX_BoundingPolygon,gmd:EX_BoundingPolygon_Type,gmd:AbstractEX_GeographicExtent,FALSE,FALSE
gmd\extent.xsd(161),EX_GeographicBoundingBox,gmd:EX_GeographicBoundingBox_Type,gmd:AbstractEX_GeographicExtent,FALSE,FALSE
gmd\extent.xsd(184),EX_SpatialTemporalExtent,gmd:EX_SpatialTemporalExtent_Type,gmd:EX_TemporalExtent,FALSE,FALSE
gmd\extent.xsd(204),EX_GeographicDescription,gmd:EX_GeographicDescription_Type,gmd:AbstractEX_GeographicExtent,FALSE,FALSE
gmd\freeText.xsd(75),LocalisedCharacterString,gmd:LocalisedCharacterString_Type,gco:CharacterString,FALSE,FALSE
gmd\freeText.xsd(111),LanguageCode,gco:CodeListValue_Type,gco:CharacterString,FALSE,FALSE
gmd\freeText.xsd(121),Country,gco:CodeListValue_Type,gco:CharacterString,FALSE,FALSE
gmd\identification.xsd(98),MD_DataIdentification,gmd:MD_DataIdentification_Type,gmd:AbstractMD_Identification,FALSE,FALSE
gmd\identification.xsd(117),MD_ServiceIdentification,gmd:MD_ServiceIdentification_Type,gmd:AbstractMD_Identification,FALSE,FALSE
gmd\identification.xsd(285),MD_TopicCategoryCode,gmd:MD_TopicCategoryCode_Type,gco:CharacterString,FALSE,FALSE
gmd\identification.xsd(295),MD_CharacterSetCode,gco:CodeListValue_Type,gco:CharacterString,FALSE,FALSE
gmd\identification.xsd(305),MD_SpatialRepresentationTypeCode,gco:CodeListValue_Type,gco:CharacterString,FALSE,FALSE
gmd\identification.xsd(315),MD_ProgressCode,gco:CodeListValue_Type,gco:CharacterString,FALSE,FALSE
gmd\identification.xsd(325),MD_KeywordTypeCode,gco:CodeListValue_Type,gco:CharacterString,FALSE,FALSE
gmd\identification.xsd(335),DS_AssociationTypeCode,gco:CodeListValue_Type,gco:CharacterString,FALSE,FALSE
gmd\identification.xsd(345),DS_InitiativeTypeCode,gco:CodeListValue_Type,gco:CharacterString,FALSE,FALSE
gmd\maintenance.xsd(74),MD_MaintenanceFrequencyCode,gco:CodeListValue_Type,gco:CharacterString,FALSE,FALSE
gmd\maintenance.xsd(84),MD_ScopeCode,gco:CodeListValue_Type,gco:CharacterString,FALSE,FALSE
gmd\metadataApplication.xsd(75),DS_OtherAggregate,gmd:DS_OtherAggregate_Type,gmd:AbstractDS_Aggregate,FALSE,FALSE
gmd\metadataApplication.xsd(91),DS_Series,gmd:DS_Series_Type,gmd:AbstractDS_Aggregate,FALSE,FALSE
gmd\metadataApplication.xsd(107),DS_Initiative,gmd:DS_Initiative_Type,gmd:AbstractDS_Aggregate,FALSE,FALSE
gmd\metadataApplication.xsd(123),DS_Platform,gmd:DS_Platform_Type,gmd:DS_Series,FALSE,FALSE
gmd\metadataApplication.xsd(139),DS_Sensor,gmd:DS_Sensor_Type,gmd:DS_Series,FALSE,FALSE
gmd\metadataApplication.xsd(155),DS_ProductionSeries,gmd:DS_ProductionSeries_Type,gmd:DS_Series,FALSE,FALSE
gmd\metadataApplication.xsd(171),DS_StereoMate,gmd:DS_StereoMate_Type,gmd:DS_OtherAggregate,FALSE,FALSE
gmd\metadataExtension.xsd(86),MD_ObligationCode,gmd:MD_ObligationCode_Type,gco:CharacterString,FALSE,FALSE
gmd\metadataExtension.xsd(96),MD_DatatypeCode,gco:CodeListValue_Type,gco:CharacterString,FALSE,FALSE
gmd\referenceSystem.xsd(31),RS_Identifier,gmd:RS_Identifier_Type,gmd:MD_Identifier,FALSE,FALSE
gmd\spatialRepresentation.xsd(37),MD_GridSpatialRepresentation,gmd:MD_GridSpatialRepresentation_Type,gmd:AbstractMD_SpatialRepresentation,FALSE,FALSE
gmd\spatialRepresentation.xsd(61),MD_VectorSpatialRepresentation,gmd:MD_VectorSpatialRepresentation_Type,gmd:AbstractMD_SpatialRepresentation,FALSE,FALSE
gmd\spatialRepresentation.xsd(106),MD_Georeferenceable,gmd:MD_Georeferenceable_Type,gmd:MD_GridSpatialRepresentation,FALSE,FALSE
gmd\spatialRepresentation.xsd(154),MD_Georectified,gmd:MD_Georectified_Type,gmd:MD_GridSpatialRepresentation,FALSE,FALSE
gmd\spatialRepresentation.xsd(195),MD_PixelOrientationCode,gmd:MD_PixelOrientationCode_Type,gco:CharacterString,FALSE,FALSE
gmd\spatialRepresentation.xsd(205),MD_TopologyLevelCode,gco:CodeListValue_Type,gco:CharacterString,FALSE,FALSE
gmd\spatialRepresentation.xsd(215),MD_GeometricObjectTypeCode,gco:CodeListValue_Type,gco:CharacterString,FALSE,FALSE
gmd\spatialRepresentation.xsd(225),MD_CellGeometryCode,gco:CodeListValue_Type,gco:CharacterString,FALSE,FALSE
gmd\spatialRepresentation.xsd(235),MD_DimensionNameTypeCode,gco:CodeListValue_Type,gco:CharacterString,FALSE,FALSE
gmi\acquisitionInformation.xsd(320),MI_SequenceCode,gco:CodeListValue_Type,gco:CharacterString,FALSE,FALSE
gmi\acquisitionInformation.xsd(330),MI_TriggerCode,gco:CodeListValue_Type,gco:CharacterString,FALSE,FALSE
gmi\acquisitionInformation.xsd(340),MI_PriorityCode,gco:CodeListValue_Type,gco:CharacterString,FALSE,FALSE
gmi\acquisitionInformation.xsd(350),MI_GeometryTypeCode,gco:CodeListValue_Type,gco:CharacterString,FALSE,FALSE
gmi\acquisitionInformation.xsd(360),MI_SensorTypeCode,gco:CodeListValue_Type,gco:CharacterString,FALSE,FALSE
gmi\acquisitionInformation.xsd(370),MI_ObjectiveTypeCode,gco:CodeListValue_Type,gco:CharacterString,FALSE,FALSE
gmi\acquisitionInformation.xsd(380),MI_OperationTypeCode,gco:CodeListValue_Type,gco:CharacterString,FALSE,FALSE
gmi\acquisitionInformation.xsd(390),MI_ContextCode,gco:CodeListValue_Type,gco:CharacterString,FALSE,FALSE
gmi\contentInformation.xsd(55),MI_Band,gmi:MI_Band_Type,gmd:MD_Band,FALSE,FALSE
gmi\contentInformation.xsd(78),MI_CoverageDescription,gmi:MI_CoverageDescription_Type,gmd:MD_CoverageDescription,FALSE,FALSE
gmi\contentInformation.xsd(101),MI_ImageDescription,gmi:MI_ImageDescription_Type,gmd:MD_ImageDescription,FALSE,FALSE
gmi\contentInformation.xsd(112),MI_PolarisationOrientationCode,gco:CodeListValue_Type,gco:CharacterString,FALSE,FALSE
gmi\contentInformation.xsd(122),MI_TransferFunctionTypeCode,gco:CodeListValue_Type,gco:CharacterString,FALSE,FALSE
gmi\contentInformation.xsd(132),MI_BandDefinition,gco:CodeListValue_Type,gco:CharacterString,FALSE,FALSE
gmi\dataQualityInformation.xsd(29),LE_ProcessStep,gmi:LE_ProcessStep_Type,gmd:LI_ProcessStep,FALSE,FALSE
gmi\dataQualityInformation.xsd(104),QE_CoverageResult,gmi:QE_CoverageResult_Type,gmd:AbstractDQ_Result,FALSE,FALSE
gmi\dataQualityInformation.xsd(177),LE_Source,gmi:LE_Source_Type,gmd:LI_Source,FALSE,FALSE
gmi\dataQualityInformation.xsd(196),QE_Usability,gmi:QE_Usability_Type,gmd:AbstractDQ_Element,FALSE,FALSE
gmi\metadataEntitySet.xsd(33),MI_Metadata,gmi:MI_Metadata_Type,gmd:MD_Metadata,FALSE,FALSE
gmi\spatialRepresentationInformation.xsd(29),MI_Georeferenceable,gmi:MI_Georeferenceable_Type,gmd:MD_Georeferenceable,FALSE,FALSE
gmi\spatialRepresentationInformation.xsd(73),MI_GCPCollection,gmi:MI_GCPCollection_Type,gmi:AbstractMI_GeolocationInformation,FALSE,FALSE
gmi\spatialRepresentationInformation.xsd(117),MI_Georectified,gmi:MI_Georectified_Type,gmd:MD_Georectified,FALSE,FALSE
gml\coordinateOperations.xsd(17),AbstractCoordinateOperation,gml:AbstractCoordinateOperationType,gml:Definition,TRUE,FALSE
gml\coordinateOperations.xsd(77),AbstractSingleOperation,gml:AbstractCoordinateOperationType,gml:AbstractCoordinateOperation,TRUE,FALSE
gml\coordinateOperations.xsd(96),AbstractOperation,gml:AbstractCoordinateOperationType,gml:AbstractSingleOperation,TRUE,FALSE
gml\coordinateOperations.xsd(115),AbstractGeneralConversion,gml:AbstractGeneralConversionType,gml:AbstractOperation,TRUE,FALSE
gml\coordinateOperations.xsd(153),AbstractGeneralTransformation,gml:AbstractGeneralTransformationType,gml:AbstractOperation,TRUE,FALSE
gml\coordinateOperations.xsd(194),ConcatenatedOperation,gml:ConcatenatedOperationType,gml:AbstractCoordinateOperation,FALSE,FALSE
gml\coordinateOperations.xsd(214),usesSingleOperation,gml:CoordinateOperationPropertyType,gml:coordOperation,FALSE,FALSE
gml\coordinateOperations.xsd(233),PassThroughOperation,gml:PassThroughOperationType,gml:AbstractSingleOperation,FALSE,FALSE
gml\coordinateOperations.xsd(255),usesOperation,gml:CoordinateOperationPropertyType,gml:coordOperation,FALSE,FALSE
gml\coordinateOperations.xsd(274),Conversion,gml:ConversionType,gml:AbstractGeneralConversion,FALSE,FALSE
gml\coordinateOperations.xsd(296),usesMethod,gml:OperationMethodPropertyType,gml:method,FALSE,FALSE
gml\coordinateOperations.xsd(306),usesValue,gml:AbstractGeneralParameterValuePropertyType,gml:parameterValue,FALSE,FALSE
gml\coordinateOperations.xsd(325),Transformation,gml:TransformationType,gml:AbstractGeneralTransformation,FALSE,FALSE
gml\coordinateOperations.xsd(356),AbstractGeneralParameterValue,gml:AbstractGeneralParameterValueType,gml:AbstractObject,TRUE,FALSE
gml\coordinateOperations.xsd(373),ParameterValue,gml:ParameterValueType,gml:AbstractGeneralParameterValue,FALSE,FALSE
gml\coordinateOperations.xsd(442),valueOfParameter,gml:OperationParameterPropertyType,gml:operationParameter,FALSE,FALSE
gml\coordinateOperations.xsd(447),ParameterValueGroup,gml:ParameterValueGroupType,gml:AbstractGeneralParameterValue,FALSE,FALSE
gml\coordinateOperations.xsd(463),includesValue,gml:AbstractGeneralParameterValuePropertyType,gml:parameterValue,FALSE,FALSE
gml\coordinateOperations.xsd(473),valuesOfGroup,gml:OperationParameterGroupPropertyType,gml:group,FALSE,FALSE
gml\coordinateOperations.xsd(478),OperationMethod,gml:OperationMethodType,gml:Definition,FALSE,FALSE
gml\coordinateOperations.xsd(501),methodFormula,gml:CodeType,gml:formula,FALSE,FALSE
gml\coordinateOperations.xsd(521),usesParameter,gml:AbstractGeneralOperationParameterPropertyType,gml:generalOperationParameter,FALSE,FALSE
gml\coordinateOperations.xsd(540),AbstractGeneralOperationParameter,gml:AbstractGeneralOperationParameterType,gml:Definition,TRUE,FALSE
gml\coordinateOperations.xsd(573),OperationParameter,gml:OperationParameterType,gml:AbstractGeneralOperationParameter,FALSE,FALSE
gml\coordinateOperations.xsd(599),OperationParameterGroup,gml:OperationParameterGroupType,gml:AbstractGeneralOperationParameter,FALSE,FALSE
gml\coordinateReferenceSystems.xsd(12),AbstractSingleCRS,gml:AbstractCRSType,gml:AbstractCRS,TRUE,FALSE
gml\coordinateReferenceSystems.xsd(31),AbstractGeneralDerivedCRS,gml:AbstractGeneralDerivedCRSType,gml:AbstractSingleCRS,TRUE,FALSE
gml\coordinateReferenceSystems.xsd(50),definedByConversion,gml:GeneralConversionPropertyType,gml:conversion,FALSE,FALSE
gml\coordinateReferenceSystems.xsd(55),CompoundCRS,gml:CompoundCRSType,gml:AbstractCRS,FALSE,FALSE
gml\coordinateReferenceSystems.xsd(75),includesSingleCRS,gml:SingleCRSPropertyType,gml:componentReferenceSystem,FALSE,FALSE
gml\coordinateReferenceSystems.xsd(94),GeodeticCRS,gml:GeodeticCRSType,gml:AbstractSingleCRS,FALSE,FALSE
gml\coordinateReferenceSystems.xsd(117),usesEllipsoidalCS,gml:EllipsoidalCSPropertyType,gml:ellipsoidalCS,FALSE,FALSE
gml\coordinateReferenceSystems.xsd(127),usesCartesianCS,gml:CartesianCSPropertyType,gml:cartesianCS,FALSE,FALSE
gml\coordinateReferenceSystems.xsd(137),usesSphericalCS,gml:SphericalCSPropertyType,gml:sphericalCS,FALSE,FALSE
gml\coordinateReferenceSystems.xsd(148),usesGeodeticDatum,gml:GeodeticDatumPropertyType,gml:geodeticDatum,FALSE,FALSE
gml\coordinateReferenceSystems.xsd(162),VerticalCRS,gml:VerticalCRSType,gml:AbstractSingleCRS,FALSE,FALSE
gml\coordinateReferenceSystems.xsd(182),usesVerticalCS,gml:VerticalCSPropertyType,gml:verticalCS,FALSE,FALSE
gml\coordinateReferenceSystems.xsd(192),usesVerticalDatum,gml:VerticalDatumPropertyType,gml:verticalDatum,FALSE,FALSE
gml\coordinateReferenceSystems.xsd(211),ProjectedCRS,gml:ProjectedCRSType,gml:AbstractGeneralDerivedCRS,FALSE,FALSE
gml\coordinateReferenceSystems.xsd(253),DerivedCRS,gml:DerivedCRSType,gml:AbstractGeneralDerivedCRS,FALSE,FALSE
gml\coordinateReferenceSystems.xsd(284),usesCS,gml:CoordinateSystemPropertyType,gml:coordinateSystem,FALSE,FALSE
gml\coordinateReferenceSystems.xsd(303),EngineeringCRS,gml:EngineeringCRSType,gml:AbstractSingleCRS,FALSE,FALSE
gml\coordinateReferenceSystems.xsd(325),usesEngineeringDatum,gml:EngineeringDatumPropertyType,gml:engineeringDatum,FALSE,FALSE
gml\coordinateReferenceSystems.xsd(344),ImageCRS,gml:ImageCRSType,gml:AbstractSingleCRS,FALSE,FALSE
gml\coordinateReferenceSystems.xsd(368),usesAffineCS,gml:AffineCSPropertyType,gml:affineCS,FALSE,FALSE
gml\coordinateReferenceSystems.xsd(378),usesImageDatum,gml:ImageDatumPropertyType,gml:imageDatum,FALSE,FALSE
gml\coordinateReferenceSystems.xsd(402),TemporalCRS,gml:TemporalCRSType,gml:AbstractSingleCRS,FALSE,FALSE
gml\coordinateReferenceSystems.xsd(425),usesTimeCS,gml:TimeCSPropertyType,gml:timeCS,FALSE,FALSE
gml\coordinateReferenceSystems.xsd(440),usesTemporalDatum,gml:TemporalDatumPropertyType,gml:temporalDatum,FALSE,FALSE
gml\coordinateReferenceSystems.xsd(459),GeographicCRS,gml:GeographicCRSType,gml:AbstractSingleCRS,FALSE,FALSE
gml\coordinateReferenceSystems.xsd(491),GeocentricCRS,gml:GeocentricCRSType,gml:AbstractSingleCRS,FALSE,FALSE
gml\coordinateSystems.xsd(13),CoordinateSystemAxis,gml:CoordinateSystemAxisType,gml:Definition,FALSE,FALSE
gml\coordinateSystems.xsd(78),AbstractCoordinateSystem,gml:AbstractCoordinateSystemType,gml:Definition,TRUE,FALSE
gml\coordinateSystems.xsd(98),usesAxis,gml:CoordinateSystemAxisPropertyType,gml:axis,FALSE,FALSE
gml\coordinateSystems.xsd(117),EllipsoidalCS,gml:EllipsoidalCSType,gml:AbstractCoordinateSystem,FALSE,FALSE
gml\coordinateSystems.xsd(141),CartesianCS,gml:CartesianCSType,gml:AbstractCoordinateSystem,FALSE,FALSE
gml\coordinateSystems.xsd(165),VerticalCS,gml:VerticalCSType,gml:AbstractCoordinateSystem,FALSE,FALSE
gml\coordinateSystems.xsd(189),TimeCS,gml:TimeCSType,gml:AbstractCoordinateSystem,FALSE,FALSE
gml\coordinateSystems.xsd(208),TemporalCS,gml:TemporalCSType,gml:AbstractCoordinateSystem,FALSE,FALSE
gml\coordinateSystems.xsd(235),LinearCS,gml:LinearCSType,gml:AbstractCoordinateSystem,FALSE,FALSE
gml\coordinateSystems.xsd(259),UserDefinedCS,gml:UserDefinedCSType,gml:AbstractCoordinateSystem,FALSE,FALSE
gml\coordinateSystems.xsd(283),SphericalCS,gml:SphericalCSType,gml:AbstractCoordinateSystem,FALSE,FALSE
gml\coordinateSystems.xsd(307),PolarCS,gml:PolarCSType,gml:AbstractCoordinateSystem,FALSE,FALSE
gml\coordinateSystems.xsd(331),CylindricalCS,gml:CylindricalCSType,gml:AbstractCoordinateSystem,FALSE,FALSE
gml\coordinateSystems.xsd(355),AffineCS,gml:AffineCSType,gml:AbstractCoordinateSystem,FALSE,FALSE
gml\coordinateSystems.xsd(374),ObliqueCartesianCS,gml:ObliqueCartesianCSType,gml:AbstractCoordinateSystem,FALSE,FALSE
gml\coverage.xsd(29),AbstractCoverage,gml:AbstractCoverageType,gml:AbstractFeature,TRUE,FALSE
gml\coverage.xsd(43),AbstractDiscreteCoverage,gml:AbstractDiscreteCoverageType,gml:AbstractCoverage,TRUE,FALSE
gml\coverage.xsd(58),AbstractContinuousCoverage,gml:AbstractContinuousCoverageType,gml:AbstractFeature,TRUE,FALSE
gml\coverage.xsd(98),DataBlock,gml:DataBlockType,gml:AbstractObject,FALSE,FALSE
gml\coverage.xsd(135),File,gml:FileType,gml:AbstractObject,FALSE,FALSE
gml\coverage.xsd(164),coverageFunction,gml:CoverageFunctionType,gml:AbstractObject,FALSE,FALSE
gml\coverage.xsd(178),CoverageMappingRule,gml:MappingRuleType,gml:AbstractObject,FALSE,FALSE
gml\coverage.xsd(196),GridFunction,gml:GridFunctionType,gml:AbstractObject,FALSE,FALSE
gml\coverage.xsd(258),MultiPointCoverage,gml:MultiPointCoverageType,gml:AbstractDiscreteCoverage,FALSE,FALSE
gml\coverage.xsd(282),multiPointDomain,gml:MultiPointDomainType,gml:domainSet,FALSE,FALSE
gml\coverage.xsd(292),MultiCurveCoverage,gml:MultiCurveCoverageType,gml:AbstractDiscreteCoverage,FALSE,FALSE
gml\coverage.xsd(316),multiCurveDomain,gml:MultiCurveDomainType,gml:domainSet,FALSE,FALSE
gml\coverage.xsd(326),MultiSurfaceCoverage,gml:MultiSurfaceCoverageType,gml:AbstractDiscreteCoverage,FALSE,FALSE
gml\coverage.xsd(350),multiSurfaceDomain,gml:MultiSurfaceDomainType,gml:domainSet,FALSE,FALSE
gml\coverage.xsd(360),MultiSolidCoverage,gml:MultiSolidCoverageType,gml:AbstractDiscreteCoverage,FALSE,FALSE
gml\coverage.xsd(384),multiSolidDomain,gml:MultiSolidDomainType,gml:domainSet,FALSE,FALSE
gml\coverage.xsd(394),GridCoverage,gml:GridCoverageType,gml:AbstractDiscreteCoverage,FALSE,FALSE
gml\coverage.xsd(414),gridDomain,gml:GridDomainType,gml:domainSet,FALSE,FALSE
gml\coverage.xsd(431),RectifiedGridCoverage,gml:RectifiedGridCoverageType,gml:AbstractDiscreteCoverage,FALSE,FALSE
gml\coverage.xsd(450),rectifiedGridDomain,gml:RectifiedGridDomainType,gml:domainSet,FALSE,FALSE
gml\datums.xsd(15),AbstractDatum,gml:AbstractDatumType,gml:Definition,TRUE,FALSE
gml\datums.xsd(41),anchorPoint,gml:CodeType,gml:anchorDefinition,FALSE,FALSE
gml\datums.xsd(65),GeodeticDatum,gml:GeodeticDatumType,gml:AbstractDatum,FALSE,FALSE
gml\datums.xsd(85),usesPrimeMeridian,gml:PrimeMeridianPropertyType,gml:primeMeridian,FALSE,FALSE
gml\datums.xsd(95),usesEllipsoid,gml:EllipsoidPropertyType,gml:ellipsoid,FALSE,FALSE
gml\datums.xsd(114),Ellipsoid,gml:EllipsoidType,gml:Definition,FALSE,FALSE
gml\datums.xsd(178),PrimeMeridian,gml:PrimeMeridianType,gml:Definition,FALSE,FALSE
gml\datums.xsd(211),EngineeringDatum,gml:EngineeringDatumType,gml:AbstractDatum,FALSE,FALSE
gml\datums.xsd(235),ImageDatum,gml:ImageDatumType,gml:AbstractDatum,FALSE,FALSE
gml\datums.xsd(268),VerticalDatum,gml:VerticalDatumType,gml:AbstractDatum,FALSE,FALSE
gml\datums.xsd(292),TemporalDatum,gml:TemporalDatumType,gml:AbstractDatum,FALSE,FALSE
gml\dictionary.xsd(15),Definition,gml:DefinitionType,gml:AbstractGML,FALSE,FALSE
gml\dictionary.xsd(49),Dictionary,gml:DictionaryType,gml:Definition,FALSE,FALSE
gml\dictionary.xsd(56),DefinitionCollection,gml:DictionaryType,gml:Definition,FALSE,FALSE
gml\dictionary.xsd(79),definitionMember,gml:DictionaryEntryType,gml:dictionaryEntry,FALSE,FALSE
gml\dictionary.xsd(107),DefinitionProxy,gml:DefinitionProxyType,gml:Definition,FALSE,FALSE
gml\dynamicFeature.xsd(32),DynamicFeature,gml:DynamicFeatureType,gml:AbstractFeature,FALSE,FALSE
gml\dynamicFeature.xsd(45),DynamicFeatureCollection,gml:DynamicFeatureCollectionType,gml:DynamicFeature,FALSE,FALSE
gml\dynamicFeature.xsd(72),AbstractTimeSlice,gml:AbstractTimeSliceType,gml:AbstractGML,TRUE,FALSE
gml\dynamicFeature.xsd(91),MovingObjectStatus,gml:MovingObjectStatusType,gml:AbstractTimeSlice,FALSE,FALSE
gml\dynamicFeature.xsd(137),track,gml:HistoryPropertyType,gml:history,FALSE,FALSE
gml\feature.xsd(26),AbstractFeature,gml:AbstractFeatureType,gml:AbstractGML,TRUE,FALSE
gml\feature.xsd(46),EnvelopeWithTimePeriod,gml:EnvelopeWithTimePeriodType,gml:Envelope,FALSE,FALSE
gml\feature.xsd(102),priorityLocation,gml:PriorityLocationPropertyType,gml:location,FALSE,FALSE
gml\feature.xsd(197),AbstractFeatureCollection,gml:AbstractFeatureCollectionType,gml:AbstractFeature,TRUE,FALSE
gml\feature.xsd(202),FeatureCollection,gml:FeatureCollectionType,gml:AbstractFeature,FALSE,FALSE
gml\geometryAggregates.xsd(16),AbstractGeometricAggregate,gml:AbstractGeometricAggregateType,gml:AbstractGeometry,TRUE,FALSE
gml\geometryAggregates.xsd(31),MultiGeometry,gml:MultiGeometryType,gml:AbstractGeometricAggregate,FALSE,FALSE
gml\geometryAggregates.xsd(72),MultiPoint,gml:MultiPointType,gml:AbstractGeometricAggregate,FALSE,FALSE
gml\geometryAggregates.xsd(113),MultiCurve,gml:MultiCurveType,gml:AbstractGeometricAggregate,FALSE,FALSE
gml\geometryAggregates.xsd(149),MultiSurface,gml:MultiSurfaceType,gml:AbstractGeometricAggregate,FALSE,FALSE
gml\geometryAggregates.xsd(185),MultiSolid,gml:MultiSolidType,gml:AbstractGeometricAggregate,FALSE,FALSE
gml\geometryBasic0d1d.xsd(50),AbstractGeometry,gml:AbstractGeometryType,gml:AbstractGML,TRUE,FALSE
gml\geometryBasic0d1d.xsd(174),Envelope,gml:EnvelopeType,gml:AbstractObject,FALSE,FALSE
gml\geometryBasic0d1d.xsd(188),AbstractGeometricPrimitive,gml:AbstractGeometricPrimitiveType,gml:AbstractGeometry,TRUE,FALSE
gml\geometryBasic0d1d.xsd(215),Point,gml:PointType,gml:AbstractGeometricPrimitive,FALSE,FALSE
gml\geometryBasic0d1d.xsd(262),AbstractCurve,gml:AbstractCurveType,gml:AbstractGeometricPrimitive,TRUE,FALSE
gml\geometryBasic0d1d.xsd(313),LineString,gml:LineStringType,gml:AbstractCurve,FALSE,FALSE
gml\geometryBasic2d.xsd(16),AbstractSurface,gml:AbstractSurfaceType,gml:AbstractGeometricPrimitive,TRUE,FALSE
gml\geometryBasic2d.xsd(60),Polygon,gml:PolygonType,gml:AbstractSurface,FALSE,FALSE
gml\geometryBasic2d.xsd(79),AbstractRing,gml:AbstractRingType,gml:AbstractObject,TRUE,FALSE
gml\geometryBasic2d.xsd(110),LinearRing,gml:LinearRingType,gml:AbstractRing,FALSE,FALSE
gml\geometryComplexes.xsd(22),GeometricComplex,gml:GeometricComplexType,gml:AbstractGeometry,FALSE,FALSE
gml\geometryComplexes.xsd(48),CompositeCurve,gml:CompositeCurveType,gml:AbstractCurve,FALSE,FALSE
gml\geometryComplexes.xsd(65),CompositeSurface,gml:CompositeSurfaceType,gml:AbstractSurface,FALSE,FALSE
gml\geometryComplexes.xsd(82),CompositeSolid,gml:CompositeSolidType,gml:AbstractSolid,FALSE,FALSE
gml\geometryPrimitives.xsd(19),Curve,gml:CurveType,gml:AbstractCurve,FALSE,FALSE
gml\geometryPrimitives.xsd(42),OrientableCurve,gml:OrientableCurveType,gml:AbstractCurve,FALSE,FALSE
gml\geometryPrimitives.xsd(52),AbstractCurveSegment,gml:AbstractCurveSegmentType,gml:AbstractObject,TRUE,FALSE
gml\geometryPrimitives.xsd(109),LineStringSegment,gml:LineStringSegmentType,gml:AbstractCurveSegment,FALSE,FALSE
gml\geometryPrimitives.xsd(134),ArcString,gml:ArcStringType,gml:AbstractCurveSegment,FALSE,FALSE
gml\geometryPrimitives.xsd(158),Arc,gml:ArcType,gml:ArcString,FALSE,FALSE
gml\geometryPrimitives.xsd(168),Circle,gml:CircleType,gml:Arc,FALSE,FALSE
gml\geometryPrimitives.xsd(194),ArcStringByBulge,gml:ArcStringByBulgeType,gml:AbstractCurveSegment,FALSE,FALSE
gml\geometryPrimitives.xsd(222),ArcByBulge,gml:ArcByBulgeType,gml:ArcStringByBulge,FALSE,FALSE
gml\geometryPrimitives.xsd(250),ArcByCenterPoint,gml:ArcByCenterPointType,gml:AbstractCurveSegment,FALSE,FALSE
gml\geometryPrimitives.xsd(279),CircleByCenterPoint,gml:CircleByCenterPointType,gml:ArcByCenterPoint,FALSE,FALSE
gml\geometryPrimitives.xsd(305),CubicSpline,gml:CubicSplineType,gml:AbstractCurveSegment,FALSE,FALSE
gml\geometryPrimitives.xsd(336),BSpline,gml:BSplineType,gml:AbstractCurveSegment,FALSE,FALSE
gml\geometryPrimitives.xsd(400),Bezier,gml:BezierType,gml:BSpline,FALSE,FALSE
gml\geometryPrimitives.xsd(422),OffsetCurve,gml:OffsetCurveType,gml:AbstractCurveSegment,FALSE,FALSE
gml\geometryPrimitives.xsd(436),AffinePlacement,gml:AffinePlacementType,gml:AbstractObject,FALSE,FALSE
gml\geometryPrimitives.xsd(460),Clothoid,gml:ClothoidType,gml:AbstractCurveSegment,FALSE,FALSE
gml\geometryPrimitives.xsd(479),GeodesicString,gml:GeodesicStringType,gml:AbstractCurveSegment,FALSE,FALSE
gml\geometryPrimitives.xsd(492),Geodesic,gml:GeodesicType,gml:GeodesicString,FALSE,FALSE
gml\geometryPrimitives.xsd(502),Surface,gml:SurfaceType,gml:AbstractSurface,FALSE,FALSE
gml\geometryPrimitives.xsd(523),OrientableSurface,gml:OrientableSurfaceType,gml:AbstractSurface,FALSE,FALSE
gml\geometryPrimitives.xsd(577),PolygonPatch,gml:PolygonPatchType,gml:AbstractSurfacePatch,FALSE,FALSE
gml\geometryPrimitives.xsd(593),Triangle,gml:TriangleType,gml:AbstractSurfacePatch,FALSE,FALSE
gml\geometryPrimitives.xsd(610),Rectangle,gml:RectangleType,gml:AbstractSurfacePatch,FALSE,FALSE
gml\geometryPrimitives.xsd(627),Ring,gml:RingType,gml:AbstractRing,FALSE,FALSE
gml\geometryPrimitives.xsd(668),AbstractParametricCurveSurface,gml:AbstractParametricCurveSurfaceType,gml:AbstractSurfacePatch,TRUE,FALSE
gml\geometryPrimitives.xsd(685),AbstractGriddedSurface,gml:AbstractGriddedSurfaceType,gml:AbstractParametricCurveSurface,TRUE,FALSE
gml\geometryPrimitives.xsd(699),Cone,gml:ConeType,gml:AbstractGriddedSurface,FALSE,FALSE
gml\geometryPrimitives.xsd(708),Cylinder,gml:CylinderType,gml:AbstractGriddedSurface,FALSE,FALSE
gml\geometryPrimitives.xsd(717),Sphere,gml:SphereType,gml:AbstractGriddedSurface,FALSE,FALSE
gml\geometryPrimitives.xsd(728),polygonPatches,gml:PolygonPatchArrayPropertyType,gml:patches,FALSE,FALSE
gml\geometryPrimitives.xsd(729),PolyhedralSurface,gml:PolyhedralSurfaceType,gml:Surface,FALSE,FALSE
gml\geometryPrimitives.xsd(757),trianglePatches,gml:TrianglePatchArrayPropertyType,gml:patches,FALSE,FALSE
gml\geometryPrimitives.xsd(758),TriangulatedSurface,gml:TriangulatedSurfaceType,gml:Surface,FALSE,FALSE
gml\geometryPrimitives.xsd(795),Tin,gml:TinType,gml:TriangulatedSurface,FALSE,FALSE
gml\geometryPrimitives.xsd(816),AbstractSolid,gml:AbstractSolidType,gml:AbstractGeometricPrimitive,TRUE,FALSE
gml\geometryPrimitives.xsd(860),Solid,gml:SolidType,gml:AbstractSolid,FALSE,FALSE
gml\geometryPrimitives.xsd(871),Shell,gml:ShellType,gml:AbstractObject,FALSE,FALSE
gml\gmlBase.xsd(44),AbstractGML,gml:AbstractGMLType,gml:AbstractObject,TRUE,FALSE
gml\gmlBase.xsd(258),Bag,gml:BagType,gml:AbstractGML,FALSE,FALSE
gml\gmlBase.xsd(278),Array,gml:ArrayType,gml:AbstractGML,FALSE,FALSE
gml\gmlBase.xsd(327),AbstractMetaData,gml:AbstractMetaDataType,gml:AbstractObject,TRUE,FALSE
gml\gmlBase.xsd(341),GenericMetaData,gml:GenericMetaDataType,gml:AbstractMetaData,FALSE,FALSE
gml\grids.xsd(10),Grid,gml:GridType,gml:AbstractImplicitGeometry,FALSE,FALSE
gml\grids.xsd(16),AbstractImplicitGeometry,gml:AbstractGeometryType,gml:AbstractGeometry,TRUE,FALSE
gml\grids.xsd(42),RectifiedGrid,gml:RectifiedGridType,gml:Grid,FALSE,FALSE
gml\observation.xsd(13),Observation,gml:ObservationType,gml:AbstractFeature,FALSE,FALSE
gml\observation.xsd(45),subject,gml:TargetPropertyType,gml:target,FALSE,FALSE
gml\observation.xsd(62),DirectedObservation,gml:DirectedObservationType,gml:Observation,FALSE,FALSE
gml\observation.xsd(76),DirectedObservationAtDistance,gml:DirectedObservationAtDistanceType,gml:DirectedObservation,FALSE,FALSE
gml\referenceSystems.xsd(24),AbstractCRS,gml:AbstractCRSType,gml:Definition,TRUE,FALSE
gml\temporal.xsd(12),AbstractTimeObject,gml:AbstractTimeObjectType,gml:AbstractGML,TRUE,FALSE
gml\temporal.xsd(22),AbstractTimePrimitive,gml:AbstractTimePrimitiveType,gml:AbstractTimeObject,TRUE,FALSE
gml\temporal.xsd(79),AbstractTimeComplex,gml:AbstractTimeComplexType,gml:AbstractTimeObject,TRUE,FALSE
gml\temporal.xsd(89),AbstractTimeGeometricPrimitive,gml:AbstractTimeGeometricPrimitiveType,gml:AbstractTimePrimitive,TRUE,FALSE
gml\temporal.xsd(103),TimeInstant,gml:TimeInstantType,gml:AbstractTimeGeometricPrimitive,FALSE,FALSE
gml\temporal.xsd(127),TimePeriod,gml:TimePeriodType,gml:AbstractTimeGeometricPrimitive,FALSE,FALSE
gml\temporalReferenceSystems.xsd(11),TimeReferenceSystem,gml:TimeReferenceSystemType,gml:Definition,FALSE,FALSE
gml\temporalReferenceSystems.xsd(25),TimeCoordinateSystem,gml:TimeCoordinateSystemType,gml:TimeReferenceSystem,FALSE,FALSE
gml\temporalReferenceSystems.xsd(47),TimeCalendar,gml:TimeCalendarType,gml:TimeReferenceSystem,FALSE,FALSE
gml\temporalReferenceSystems.xsd(104),TimeClock,gml:TimeClockType,gml:TimeReferenceSystem,FALSE,FALSE
gml\temporalReferenceSystems.xsd(136),TimeOrdinalReferenceSystem,gml:TimeOrdinalReferenceSystemType,gml:TimeReferenceSystem,FALSE,FALSE
gml\temporalTopology.xsd(9),AbstractTimeTopologyPrimitive,gml:AbstractTimeTopologyPrimitiveType,gml:AbstractTimePrimitive,TRUE,FALSE
gml\temporalTopology.xsd(35),TimeTopologyComplex,gml:TimeTopologyComplexType,gml:AbstractTimeComplex,FALSE,FALSE
gml\temporalTopology.xsd(61),TimeNode,gml:TimeNodeType,gml:AbstractTimeTopologyPrimitive,FALSE,FALSE
gml\temporalTopology.xsd(87),TimeEdge,gml:TimeEdgeType,gml:AbstractTimeTopologyPrimitive,FALSE,FALSE
gml\topology.xsd(19),AbstractTopology,gml:AbstractTopologyType,gml:AbstractGML,TRUE,FALSE
gml\topology.xsd(30),AbstractTopoPrimitive,gml:AbstractTopoPrimitiveType,gml:AbstractTopology,TRUE,FALSE
gml\topology.xsd(77),Node,gml:NodeType,gml:AbstractTopoPrimitive,FALSE,FALSE
gml\topology.xsd(110),Edge,gml:EdgeType,gml:AbstractTopoPrimitive,FALSE,FALSE
gml\topology.xsd(144),Face,gml:FaceType,gml:AbstractTopoPrimitive,FALSE,FALSE
gml\topology.xsd(176),TopoSolid,gml:TopoSolidType,gml:AbstractTopoPrimitive,FALSE,FALSE
gml\topology.xsd(315),TopoComplex,gml:TopoComplexType,gml:AbstractTopology,FALSE,FALSE
gml\units.xsd(24),UnitDefinition,gml:UnitDefinitionType,gml:Definition,FALSE,FALSE
gml\units.xsd(59),BaseUnit,gml:BaseUnitType,gml:UnitDefinition,FALSE,FALSE
gml\units.xsd(74),DerivedUnit,gml:DerivedUnitType,gml:UnitDefinition,FALSE,FALSE
gml\units.xsd(102),ConventionalUnit,gml:ConventionalUnitType,gml:UnitDefinition,FALSE,FALSE
gml\valueObjects.xsd(18),Boolean,,gml:AbstractScalarValue,FALSE,TRUE
gml\valueObjects.xsd(27),BooleanList,gml:booleanOrNilReasonList,gml:AbstractScalarValueList,FALSE,FALSE
gml\valueObjects.xsd(28),Category,,gml:AbstractScalarValue,FALSE,TRUE
gml\valueObjects.xsd(40),CategoryList,gml:CodeOrNilReasonListType,gml:AbstractScalarValueList,FALSE,FALSE
gml\valueObjects.xsd(41),Count,,gml:AbstractScalarValue,FALSE,TRUE
gml\valueObjects.xsd(50),CountList,gml:integerOrNilReasonList,gml:AbstractScalarValueList,FALSE,FALSE
gml\valueObjects.xsd(51),Quantity,,gml:AbstractScalarValue,FALSE,TRUE
gml\valueObjects.xsd(63),QuantityList,gml:MeasureOrNilReasonListType,gml:AbstractScalarValueList,FALSE,FALSE
gml\valueObjects.xsd(64),AbstractValue,anyType,gml:AbstractObject,TRUE,FALSE
gml\valueObjects.xsd(70),AbstractScalarValue,anyType,gml:AbstractValue,TRUE,FALSE
gml\valueObjects.xsd(75),AbstractScalarValueList,anyType,gml:AbstractValue,TRUE,FALSE
gml\valueObjects.xsd(119),CompositeValue,gml:CompositeValueType,gml:AbstractValue,FALSE,FALSE
gml\valueObjects.xsd(135),ValueArray,gml:ValueArrayType,gml:CompositeValue,FALSE,FALSE
gml\valueObjects.xsd(166),CategoryExtent,gml:CategoryExtentType,gml:AbstractValue,FALSE,FALSE
gml\valueObjects.xsd(174),CountExtent,gml:CountExtentType,gml:AbstractValue,FALSE,FALSE
gml\valueObjects.xsd(180),QuantityExtent,gml:QuantityExtentType,gml:AbstractValue,FALSE,FALSE
gmx\catalogues.xsd(61),CT_CodelistCatalogue,gmx:CT_CodelistCatalogue_Type,gmx:AbstractCT_Catalogue,FALSE,FALSE
gmx\catalogues.xsd(89),CT_CrsCatalogue,gmx:CT_CrsCatalogue_Type,gmx:AbstractCT_Catalogue,FALSE,FALSE
gmx\catalogues.xsd(109),CT_UomCatalogue,gmx:CT_UomCatalogue_Type,gmx:AbstractCT_Catalogue,FALSE,FALSE
gmx\codelistItem.xsd(50),CodeDefinition,gmx:CodeDefinition_Type,gml:Definition,FALSE,FALSE
gmx\codelistItem.xsd(73),CodeListDictionary,gmx:CodeListDictionary_Type,gml:Dictionary,FALSE,FALSE
gmx\codelistItem.xsd(93),ML_CodeDefinition,gmx:ML_CodeDefinition_Type,gmx:CodeDefinition,FALSE,FALSE
gmx\codelistItem.xsd(116),ML_CodeListDictionary,gmx:ML_CodeListDictionary_Type,gmx:CodeListDictionary,FALSE,FALSE
gmx\crsItem.xsd(126),ML_CompoundCRS,gmx:ML_CompoundCRS_Type,gml:CompoundCRS,FALSE,FALSE
gmx\crsItem.xsd(188),ML_GeodeticCRS,gmx:ML_GeodeticCRS_Type,gml:GeodeticCRS,FALSE,FALSE
gmx\crsItem.xsd(208),ML_EngineeringCRS,gmx:ML_EngineeringCRS_Type,gml:EngineeringCRS,FALSE,FALSE
gmx\crsItem.xsd(228),ML_VerticalCRS,gmx:ML_VerticalCRS_Type,gml:VerticalCRS,FALSE,FALSE
gmx\crsItem.xsd(248),ML_TemporalCRS,gmx:ML_TemporalCRS_Type,gml:TemporalCRS,FALSE,FALSE
gmx\crsItem.xsd(268),ML_ImageCRS,gmx:ML_ImageCRS_Type,gml:ImageCRS,FALSE,FALSE
gmx\crsItem.xsd(288),ML_ProjectedCRS,gmx:ML_ProjectedCRS_Type,gml:ProjectedCRS,FALSE,FALSE
gmx\crsItem.xsd(308),ML_DerivedCRS,gmx:ML_DerivedCRS_Type,gml:DerivedCRS,FALSE,FALSE
gmx\crsItem.xsd(329),ML_CoordinateSystemAxis,gmx:ML_CoordinateSystemAxis_Type,gml:CoordinateSystemAxis,FALSE,FALSE
gmx\crsItem.xsd(349),ML_EllipsoidalCS,gmx:ML_EllipsoidalCS_Type,gml:EllipsoidalCS,FALSE,FALSE
gmx\crsItem.xsd(369),ML_CartesianCS,gmx:ML_CartesianCS_Type,gml:CartesianCS,FALSE,FALSE
gmx\crsItem.xsd(389),ML_AffineCS,gmx:ML_AffineCS_Type,gml:AffineCS,FALSE,FALSE
gmx\crsItem.xsd(409),ML_UserDefinedCS,gmx:ML_UserDefinedCS_Type,gml:UserDefinedCS,FALSE,FALSE
gmx\crsItem.xsd(429),ML_VerticalCS,gmx:ML_VerticalCS_Type,gml:VerticalCS,FALSE,FALSE
gmx\crsItem.xsd(449),ML_TimeCS,gmx:ML_TimeCS_Type,gml:TimeCS,FALSE,FALSE
gmx\crsItem.xsd(469),ML_CylindricalCS,gmx:ML_CylindricalCS_Type,gml:CylindricalCS,FALSE,FALSE
gmx\crsItem.xsd(489),ML_SphericalCS,gmx:ML_SphericalCS_Type,gml:SphericalCS,FALSE,FALSE
gmx\crsItem.xsd(509),ML_PolarCS,gmx:ML_PolarCS_Type,gml:PolarCS,FALSE,FALSE
gmx\crsItem.xsd(529),ML_LinearCS,gmx:ML_LinearCS_Type,gml:LinearCS,FALSE,FALSE
gmx\crsItem.xsd(550),ML_Ellipsoid,gmx:ML_Ellipsoid_Type,gml:Ellipsoid,FALSE,FALSE
gmx\crsItem.xsd(570),ML_PrimeMeridian,gmx:ML_PrimeMeridian_Type,gml:PrimeMeridian,FALSE,FALSE
gmx\crsItem.xsd(590),ML_TemporalDatum,gmx:ML_TemporalDatum_Type,gml:TemporalDatum,FALSE,FALSE
gmx\crsItem.xsd(610),ML_VerticalDatum,gmx:ML_VerticalDatum_Type,gml:VerticalDatum,FALSE,FALSE
gmx\crsItem.xsd(630),ML_ImageDatum,gmx:ML_ImageDatum_Type,gml:ImageDatum,FALSE,FALSE
gmx\crsItem.xsd(650),ML_EngineeringDatum,gmx:ML_EngineeringDatum_Type,gml:EngineeringDatum,FALSE,FALSE
gmx\crsItem.xsd(670),ML_GeodeticDatum,gmx:ML_GeodeticDatum_Type,gml:GeodeticDatum,FALSE,FALSE
gmx\crsItem.xsd(691),ML_ConcatenatedOperation,gmx:ML_ConcatenatedOperation_Type,gml:ConcatenatedOperation,FALSE,FALSE
gmx\crsItem.xsd(711),ML_PassThroughOperation,gmx:ML_PassThroughOperation_Type,gml:PassThroughOperation,FALSE,FALSE
gmx\crsItem.xsd(731),ML_Transformation,gmx:ML_Transformation_Type,gml:Transformation,FALSE,FALSE
gmx\crsItem.xsd(751),ML_Conversion,gmx:ML_Conversion_Type,gml:Conversion,FALSE,FALSE
gmx\crsItem.xsd(771),ML_OperationMethod,gmx:ML_OperationMethod_Type,gml:OperationMethod,FALSE,FALSE
gmx\crsItem.xsd(791),ML_OperationParameterGroup,gmx:ML_OperationParameterGroup_Type,gml:OperationParameterGroup,FALSE,FALSE
gmx\crsItem.xsd(811),ML_OperationParameter,gmx:ML_OperationParameter_Type,gml:OperationParameter,FALSE,FALSE
gmx\extendedTypes.xsd(32),FileName,gmx:FileName_Type,gco:CharacterString,FALSE,FALSE
gmx\extendedTypes.xsd(52),MimeFileType,gmx:MimeFileType_Type,gco:CharacterString,FALSE,FALSE
gmx\extendedTypes.xsd(72),Anchor,gmx:Anchor_Type,gco:CharacterString,FALSE,FALSE
gmx\gmxUsage.xsd(33),MX_Aggregate,gmx:MX_Aggregate_Type,gmd:AbstractDS_Aggregate,FALSE,FALSE
gmx\gmxUsage.xsd(55),MX_DataSet,gmx:MX_DataSet_Type,gmd:DS_DataSet,FALSE,FALSE
gmx\gmxUsage.xsd(76),MX_DataFile,gmx:MX_DataFile_Type,gmx:AbstractMX_File,FALSE,FALSE
gmx\gmxUsage.xsd(92),MX_SupportFile,gmx:MX_SupportFile_Type,gmx:AbstractMX_File,FALSE,FALSE
gmx\gmxUsage.xsd(125),MX_ScopeCode,gco:CodeListValue_Type,gmd:MD_ScopeCode,FALSE,FALSE
gmx\uomItem.xsd(72),ML_BaseUnit,gmx:ML_BaseUnit_Type,gml:BaseUnit,FALSE,FALSE
gmx\uomItem.xsd(92),ML_DerivedUnit,gmx:ML_DerivedUnit_Type,gml:DerivedUnit,FALSE,FALSE
gmx\uomItem.xsd(112),ML_ConventionalUnit,gmx:ML_ConventionalUnit_Type,gml:ConventionalUnit,FALSE,FALSE
gmx\uomItem.xsd(132),ML_UnitDefinition,gmx:ML_UnitDefinition_Type,gml:UnitDefinition,FALSE,FALSE
gplr\gplr\gplrRegister.xsd(28),GPLR_Register,gplr:GPLR_Register_Type,grg:RE_Register,FALSE,FALSE
gplr\gplr\gplrRegister.xsd(58),GPLR_Item,gplr:GPLR_Item_Type,grg:RE_RegisterItem,FALSE,FALSE
gplr\gplr\gplrRegister.xsd(208),GPLR_Version,gplr:GPLR_Version_Type,grg:RE_Version,FALSE,FALSE
gplr\gplr\gplrRegister.xsd(219),GPLR_RepresentationType,gco:CodeListValue_Type,gco:CharacterString,FALSE,FALSE
gplr\gplr\gplrRegister.xsd(229),GPLR_ConversionType,gco:CodeListValue_Type,gco:CharacterString,FALSE,FALSE
grg\register.xsd(71),RE_RegisterOwner,grg:RE_RegisterOwner_Type,grg:AbstractRegisterStakeholder,FALSE,FALSE
grg\register.xsd(87),RE_SubmittingOrganization,grg:RE_SubmittingOrganization_Type,grg:AbstractRegisterStakeholder,FALSE,FALSE
grg\register.xsd(107),RE_AmendmentInformation,grg:RE_AmendmentInformation_Type,grg:AbstractRE_ProposalManagementInformation,FALSE,FALSE
grg\register.xsd(148),RE_ClarificationInformation,grg:RE_ClarificationInformation_Type,grg:AbstractRE_ProposalManagementInformation,FALSE,FALSE
grg\register.xsd(164),RE_AdditionInformation,grg:RE_AdditionInformation_Type,grg:AbstractRE_ProposalManagementInformation,FALSE,FALSE
grg\register.xsd(223),RE_RegisterManager,grg:RE_RegisterManager_Type,grg:AbstractRegisterStakeholder,FALSE,FALSE
grg\register.xsd(344),RE_SubregisterDescription,grg:RE_SubregisterDescription_Type,grg:RE_RegisterItem,FALSE,FALSE
grg\register.xsd(443),RE_DecisionStatus,grg:RE_DecisionStatus_Type,gco:CharacterString,FALSE,FALSE
grg\register.xsd(461),RE_ItemStatus,grg:RE_ItemStatus_Type,gco:CharacterString,FALSE,FALSE
grg\register.xsd(477),RE_AmendmentType,grg:RE_AmendmentType_Type,gco:CharacterString,FALSE,FALSE
grg\register.xsd(494),RE_Disposition,grg:RE_Disposition_Type,gco:CharacterString,FALSE,FALSE
grg\register.xsd(504),RE_SimilarityToSource,gco:CodeListValue_Type,gco:CharacterString,FALSE,FALSE
srv\serviceMetadata.xsd(93),SV_ServiceIdentification,srv:SV_ServiceIdentification_Type,gmd:AbstractMD_Identification,FALSE,FALSE
srv\serviceMetadata.xsd(176),SV_ParameterDirection,srv:SV_ParameterDirection_Type,gco:CharacterString,FALSE,FALSE
srv\serviceMetadata.xsd(186),DCPList,gco:CodeListValue_Type,gco:CharacterString,FALSE,FALSE
srv\serviceMetadata.xsd(196),SV_CouplingType,gco:CodeListValue_Type,gco:CharacterString,FALSE,FALSE
srv\serviceModel.xsd(31),SV_ServiceSpecification,srv:SV_ServiceSpecification_Type,srv:AbstractSV_AbstractServiceSpecification,FALSE,FALSE
srv\serviceModel.xsd(52),SV_PlatformNeutralServiceSpecification,srv:SV_PlatformNeutralServiceSpecification_Type,srv:AbstractSV_AbstractServiceSpecification,FALSE,FALSE
srv\serviceModel.xsd(74),SV_PlatformSpecificServiceSpecification,srv:SV_PlatformSpecificServiceSpecification_Type,srv:AbstractSV_AbstractServiceSpecification,FALSE,FALSE
srv\serviceModel.xsd(218),SV_OperationModel,srv:SV_OperationModel_Type,gco:CharacterString,FALSE,FALSE
srv\serviceModel.xsd(228),SV_ServiceType,gco:CodeListValue_Type,gco:CharacterString,FALSE,FALSE
xsd\gfc.xsd(59),FC_FeatureAssociation,gfc:FC_FeatureAssociation_Type,gfc:FC_FeatureType,FALSE,FALSE
xsd\gfc.xsd(88),FC_FeatureCatalogue,gfc:FC_FeatureCatalogue_Type,gmx:AbstractCT_Catalogue,FALSE,FALSE
xsd\gfc.xsd(114),FC_FeatureAttribute,gfc:FC_FeatureAttribute_Type,gfc:AbstractFC_PropertyType,FALSE,FALSE
xsd\gfc.xsd(141),FC_AssociationRole,gfc:FC_AssociationRole_Type,gfc:AbstractFC_PropertyType,FALSE,FALSE
xsd\gfc.xsd(232),FC_FeatureOperation,gfc:FC_FeatureOperation_Type,gfc:AbstractFC_PropertyType,FALSE,FALSE
xsd\gfc.xsd(261),AbstractFC_PropertyType,gfc:AbstractFC_PropertyType_Type,gfc:AbstractFC_CarrierOfCharacteristics,TRUE,FALSE
xsd\gfc.xsd(308),FC_Binding,gfc:FC_Binding_Type,gfc:AbstractFC_CarrierOfCharacteristics,FALSE,FALSE
xsd\gfc.xsd(405),FC_BoundFeatureAttribute,gfc:FC_BoundFeatureAttribute_Type,gfc:FC_Binding,FALSE,FALSE
xsd\gfc.xsd(452),FC_BoundAssociationRole,gfc:FC_BoundAssociationRole_Type,gfc:FC_Binding,FALSE,FALSE
xsd\gfc.xsd(463),FC_RoleType,gco:CodeListValue_Type,gco:CharacterString,FALSE,FALSE
